<?xml version="1.0" encoding="UTF-8"?>
<objects serializationModel="Studio.01.10.00">
    <object class="AudioFile" id="{024d74c7-1346-4a13-881c-0bad93723249}">
        <property name="assetPath">
            <value>BREAK DRUMS.wav</value>
        </property>
        <property name="isStreaming">
            <value>true</value>
        </property>
        <property name="frequencyInKHz">
            <value>44.0999985</value>
        </property>
        <property name="channelCount">
            <value>2</value>
        </property>
        <property name="length">
            <value>15.824195011337869</value>
        </property>
        <relationship name="masterAssetFolder">
            <destination>{a0119123-d220-48d9-b13b-81fc7faea5cc}</destination>
        </relationship>
    </object>
</objects>
