<?xml version="1.0" encoding="UTF-8"?>
<objects serializationModel="Studio.01.10.00">
    <object class="Workspace" id="{a02af12b-9b87-42b7-8144-edcf8de65c63}">
        <relationship name="projectSettings">
            <destination>{d43b49b3-6382-4a88-a199-558e38b65088}</destination>
        </relationship>
        <relationship name="profilerSessionFolder">
            <destination>{c4672ff5-94e6-47aa-9509-d3c326c9e14c}</destination>
        </relationship>
    </object>
    <object class="ProjectSettings" id="{d43b49b3-6382-4a88-a199-558e38b65088}">
        <relationship name="activePlatform">
            <destination>{1f13070a-7165-40e3-b2b5-e39d45856624}</destination>
        </relationship>
    </object>
</objects>
